{
  "meta_title": "",
  "meta_description": "",
  "sections": [
    {
      "type": "breadcrumbs",
      "enabled": true
    },
    {
      "type": "responsive-banner",
      "img": "/img/uploads/banner-site-1000-x-628-px.png",
      "link": "https://wa.me/message/KL6DWWIIT7LAD1"
    },
    {
      "type": "collection-shelf",
      "shuffle": false,
      "limit": 23,
      "page": 1,
      "collection_id": "661579150fc534303df595d5:categories:Quadros Decorativos:/quadros-decorativos",
      "link": "https://comamorespacocriativo.netlify.app/quadros-decorativos"
    },
    {
      "type": "collection-shelf",
      "shuffle": false,
      "limit": 12,
      "page": 1,
      "collection_id": "661578550fc534303df593e6:categories:Prancheta de Desenho:/prancheta-de-desenho"
    },
    {
      "type": "collection-shelf",
      "shuffle": false,
      "limit": 12,
      "page": 1,
      "collection_id": "66159bf60fc534303df5e07c:categories:Placa Pix:/placa-pix"
    },
    {
      "type": "collection-shelf",
      "shuffle": false,
      "limit": 12,
      "page": 1,
      "collection_id": "66158da00fc534303df5c108:categories:Matriz (USADA):/matriz-usada"
    },
    {
      "type": "dynamic-showcase",
      "load_more": true,
      "sort": "offers"
    }
  ]
}